--
-- PostgreSQL database dump
--

-- Dumped from database version 17.6 (Homebrew)
-- Dumped by pg_dump version 17.4

-- Started on 2025-10-12 22:42:57 +05

SET statement_timeout = 0;
SET lock_timeout = 0;
SET idle_in_transaction_session_timeout = 0;
SET transaction_timeout = 0;
SET client_encoding = 'UTF8';
SET standard_conforming_strings = on;
SELECT pg_catalog.set_config('search_path', '', false);
SET check_function_bodies = false;
SET xmloption = content;
SET client_min_messages = warning;
SET row_security = off;

--
-- TOC entry 4 (class 2615 OID 2200)
-- Name: public; Type: SCHEMA; Schema: -; Owner: pg_database_owner
--

CREATE SCHEMA public;


ALTER SCHEMA public OWNER TO pg_database_owner;

--
-- TOC entry 3870 (class 0 OID 0)
-- Dependencies: 4
-- Name: SCHEMA public; Type: COMMENT; Schema: -; Owner: pg_database_owner
--

COMMENT ON SCHEMA public IS 'standard public schema';


SET default_tablespace = '';

SET default_table_access_method = heap;

--
-- TOC entry 242 (class 1259 OID 29507)
-- Name: activity_log; Type: TABLE; Schema: public; Owner: postgres
--

CREATE TABLE public.activity_log (
    id bigint NOT NULL,
    action text NOT NULL,
    inserted_at timestamp with time zone NOT NULL,
    user_id integer NOT NULL,
    client_id bigint NOT NULL
);


ALTER TABLE public.activity_log OWNER TO postgres;

--
-- TOC entry 224 (class 1259 OID 29364)
-- Name: auth_group; Type: TABLE; Schema: public; Owner: postgres
--

CREATE TABLE public.auth_group (
    id integer NOT NULL,
    name character varying(150) NOT NULL
);


ALTER TABLE public.auth_group OWNER TO postgres;

--
-- TOC entry 223 (class 1259 OID 29363)
-- Name: auth_group_id_seq; Type: SEQUENCE; Schema: public; Owner: postgres
--

ALTER TABLE public.auth_group ALTER COLUMN id ADD GENERATED BY DEFAULT AS IDENTITY (
    SEQUENCE NAME public.auth_group_id_seq
    START WITH 1
    INCREMENT BY 1
    NO MINVALUE
    NO MAXVALUE
    CACHE 1
);


--
-- TOC entry 226 (class 1259 OID 29372)
-- Name: auth_group_permissions; Type: TABLE; Schema: public; Owner: postgres
--

CREATE TABLE public.auth_group_permissions (
    id bigint NOT NULL,
    group_id integer NOT NULL,
    permission_id integer NOT NULL
);


ALTER TABLE public.auth_group_permissions OWNER TO postgres;

--
-- TOC entry 225 (class 1259 OID 29371)
-- Name: auth_group_permissions_id_seq; Type: SEQUENCE; Schema: public; Owner: postgres
--

ALTER TABLE public.auth_group_permissions ALTER COLUMN id ADD GENERATED BY DEFAULT AS IDENTITY (
    SEQUENCE NAME public.auth_group_permissions_id_seq
    START WITH 1
    INCREMENT BY 1
    NO MINVALUE
    NO MAXVALUE
    CACHE 1
);


--
-- TOC entry 222 (class 1259 OID 29358)
-- Name: auth_permission; Type: TABLE; Schema: public; Owner: postgres
--

CREATE TABLE public.auth_permission (
    id integer NOT NULL,
    name character varying(255) NOT NULL,
    content_type_id integer NOT NULL,
    codename character varying(100) NOT NULL
);


ALTER TABLE public.auth_permission OWNER TO postgres;

--
-- TOC entry 221 (class 1259 OID 29357)
-- Name: auth_permission_id_seq; Type: SEQUENCE; Schema: public; Owner: postgres
--

ALTER TABLE public.auth_permission ALTER COLUMN id ADD GENERATED BY DEFAULT AS IDENTITY (
    SEQUENCE NAME public.auth_permission_id_seq
    START WITH 1
    INCREMENT BY 1
    NO MINVALUE
    NO MAXVALUE
    CACHE 1
);


--
-- TOC entry 228 (class 1259 OID 29378)
-- Name: auth_user; Type: TABLE; Schema: public; Owner: postgres
--

CREATE TABLE public.auth_user (
    id integer NOT NULL,
    password character varying(128) NOT NULL,
    last_login timestamp with time zone,
    is_superuser boolean NOT NULL,
    username character varying(150) NOT NULL,
    first_name character varying(150) NOT NULL,
    last_name character varying(150) NOT NULL,
    email character varying(254) NOT NULL,
    is_staff boolean NOT NULL,
    is_active boolean NOT NULL,
    date_joined timestamp with time zone NOT NULL
);


ALTER TABLE public.auth_user OWNER TO postgres;

--
-- TOC entry 230 (class 1259 OID 29386)
-- Name: auth_user_groups; Type: TABLE; Schema: public; Owner: postgres
--

CREATE TABLE public.auth_user_groups (
    id bigint NOT NULL,
    user_id integer NOT NULL,
    group_id integer NOT NULL
);


ALTER TABLE public.auth_user_groups OWNER TO postgres;

--
-- TOC entry 229 (class 1259 OID 29385)
-- Name: auth_user_groups_id_seq; Type: SEQUENCE; Schema: public; Owner: postgres
--

ALTER TABLE public.auth_user_groups ALTER COLUMN id ADD GENERATED BY DEFAULT AS IDENTITY (
    SEQUENCE NAME public.auth_user_groups_id_seq
    START WITH 1
    INCREMENT BY 1
    NO MINVALUE
    NO MAXVALUE
    CACHE 1
);


--
-- TOC entry 227 (class 1259 OID 29377)
-- Name: auth_user_id_seq; Type: SEQUENCE; Schema: public; Owner: postgres
--

ALTER TABLE public.auth_user ALTER COLUMN id ADD GENERATED BY DEFAULT AS IDENTITY (
    SEQUENCE NAME public.auth_user_id_seq
    START WITH 1
    INCREMENT BY 1
    NO MINVALUE
    NO MAXVALUE
    CACHE 1
);


--
-- TOC entry 232 (class 1259 OID 29392)
-- Name: auth_user_user_permissions; Type: TABLE; Schema: public; Owner: postgres
--

CREATE TABLE public.auth_user_user_permissions (
    id bigint NOT NULL,
    user_id integer NOT NULL,
    permission_id integer NOT NULL
);


ALTER TABLE public.auth_user_user_permissions OWNER TO postgres;

--
-- TOC entry 231 (class 1259 OID 29391)
-- Name: auth_user_user_permissions_id_seq; Type: SEQUENCE; Schema: public; Owner: postgres
--

ALTER TABLE public.auth_user_user_permissions ALTER COLUMN id ADD GENERATED BY DEFAULT AS IDENTITY (
    SEQUENCE NAME public.auth_user_user_permissions_id_seq
    START WITH 1
    INCREMENT BY 1
    NO MINVALUE
    NO MAXVALUE
    CACHE 1
);


--
-- TOC entry 236 (class 1259 OID 29479)
-- Name: client; Type: TABLE; Schema: public; Owner: postgres
--

CREATE TABLE public.client (
    id bigint NOT NULL,
    fullname text NOT NULL,
    email character varying(89) NOT NULL,
    phone_number text NOT NULL,
    stage_id bigint,
    team_id bigint NOT NULL
);


ALTER TABLE public.client OWNER TO postgres;

--
-- TOC entry 238 (class 1259 OID 29489)
-- Name: client_stage; Type: TABLE; Schema: public; Owner: postgres
--

CREATE TABLE public.client_stage (
    id bigint NOT NULL,
    status integer NOT NULL
);


ALTER TABLE public.client_stage OWNER TO postgres;

--
-- TOC entry 241 (class 1259 OID 29506)
-- Name: clients_activitylogs_id_seq; Type: SEQUENCE; Schema: public; Owner: postgres
--

ALTER TABLE public.activity_log ALTER COLUMN id ADD GENERATED BY DEFAULT AS IDENTITY (
    SEQUENCE NAME public.clients_activitylogs_id_seq
    START WITH 1
    INCREMENT BY 1
    NO MINVALUE
    NO MAXVALUE
    CACHE 1
);


--
-- TOC entry 235 (class 1259 OID 29478)
-- Name: clients_clients_id_seq; Type: SEQUENCE; Schema: public; Owner: postgres
--

ALTER TABLE public.client ALTER COLUMN id ADD GENERATED BY DEFAULT AS IDENTITY (
    SEQUENCE NAME public.clients_clients_id_seq
    START WITH 1
    INCREMENT BY 1
    NO MINVALUE
    NO MAXVALUE
    CACHE 1
);


--
-- TOC entry 237 (class 1259 OID 29488)
-- Name: clients_clientsstages_id_seq; Type: SEQUENCE; Schema: public; Owner: postgres
--

ALTER TABLE public.client_stage ALTER COLUMN id ADD GENERATED BY DEFAULT AS IDENTITY (
    SEQUENCE NAME public.clients_clientsstages_id_seq
    START WITH 1
    INCREMENT BY 1
    NO MINVALUE
    NO MAXVALUE
    CACHE 1
);


--
-- TOC entry 240 (class 1259 OID 29497)
-- Name: teams; Type: TABLE; Schema: public; Owner: postgres
--

CREATE TABLE public.teams (
    id bigint NOT NULL,
    name character varying(30) NOT NULL,
    description text,
    inserted_at timestamp with time zone NOT NULL,
    updated_at timestamp with time zone NOT NULL
);


ALTER TABLE public.teams OWNER TO postgres;

--
-- TOC entry 239 (class 1259 OID 29496)
-- Name: clients_teams_id_seq; Type: SEQUENCE; Schema: public; Owner: postgres
--

ALTER TABLE public.teams ALTER COLUMN id ADD GENERATED BY DEFAULT AS IDENTITY (
    SEQUENCE NAME public.clients_teams_id_seq
    START WITH 1
    INCREMENT BY 1
    NO MINVALUE
    NO MAXVALUE
    CACHE 1
);


--
-- TOC entry 234 (class 1259 OID 29450)
-- Name: django_admin_log; Type: TABLE; Schema: public; Owner: postgres
--

CREATE TABLE public.django_admin_log (
    id integer NOT NULL,
    action_time timestamp with time zone NOT NULL,
    object_id text,
    object_repr character varying(200) NOT NULL,
    action_flag smallint NOT NULL,
    change_message text NOT NULL,
    content_type_id integer,
    user_id integer NOT NULL,
    CONSTRAINT django_admin_log_action_flag_check CHECK ((action_flag >= 0))
);


ALTER TABLE public.django_admin_log OWNER TO postgres;

--
-- TOC entry 233 (class 1259 OID 29449)
-- Name: django_admin_log_id_seq; Type: SEQUENCE; Schema: public; Owner: postgres
--

ALTER TABLE public.django_admin_log ALTER COLUMN id ADD GENERATED BY DEFAULT AS IDENTITY (
    SEQUENCE NAME public.django_admin_log_id_seq
    START WITH 1
    INCREMENT BY 1
    NO MINVALUE
    NO MAXVALUE
    CACHE 1
);


--
-- TOC entry 220 (class 1259 OID 29350)
-- Name: django_content_type; Type: TABLE; Schema: public; Owner: postgres
--

CREATE TABLE public.django_content_type (
    id integer NOT NULL,
    app_label character varying(100) NOT NULL,
    model character varying(100) NOT NULL
);


ALTER TABLE public.django_content_type OWNER TO postgres;

--
-- TOC entry 219 (class 1259 OID 29349)
-- Name: django_content_type_id_seq; Type: SEQUENCE; Schema: public; Owner: postgres
--

ALTER TABLE public.django_content_type ALTER COLUMN id ADD GENERATED BY DEFAULT AS IDENTITY (
    SEQUENCE NAME public.django_content_type_id_seq
    START WITH 1
    INCREMENT BY 1
    NO MINVALUE
    NO MAXVALUE
    CACHE 1
);


--
-- TOC entry 218 (class 1259 OID 29342)
-- Name: django_migrations; Type: TABLE; Schema: public; Owner: postgres
--

CREATE TABLE public.django_migrations (
    id bigint NOT NULL,
    app character varying(255) NOT NULL,
    name character varying(255) NOT NULL,
    applied timestamp with time zone NOT NULL
);


ALTER TABLE public.django_migrations OWNER TO postgres;

--
-- TOC entry 217 (class 1259 OID 29341)
-- Name: django_migrations_id_seq; Type: SEQUENCE; Schema: public; Owner: postgres
--

ALTER TABLE public.django_migrations ALTER COLUMN id ADD GENERATED BY DEFAULT AS IDENTITY (
    SEQUENCE NAME public.django_migrations_id_seq
    START WITH 1
    INCREMENT BY 1
    NO MINVALUE
    NO MAXVALUE
    CACHE 1
);


--
-- TOC entry 243 (class 1259 OID 29540)
-- Name: django_session; Type: TABLE; Schema: public; Owner: postgres
--

CREATE TABLE public.django_session (
    session_key character varying(40) NOT NULL,
    session_data text NOT NULL,
    expire_date timestamp with time zone NOT NULL
);


ALTER TABLE public.django_session OWNER TO postgres;

--
-- TOC entry 3863 (class 0 OID 29507)
-- Dependencies: 242
-- Data for Name: activity_log; Type: TABLE DATA; Schema: public; Owner: postgres
--

COPY public.activity_log (id, action, inserted_at, user_id, client_id) FROM stdin;
1	Called	2025-10-12 12:32:42.278569+05	1	1
2	Emailed	2025-10-12 12:32:42.278569+05	1	2
3	Sent Proposal	2025-10-12 12:32:42.278569+05	2	3
4	Follow-up	2025-10-12 12:32:42.278569+05	2	4
5	Called	2025-10-12 12:32:42.278569+05	3	5
6	Emailed	2025-10-12 12:32:42.278569+05	3	6
7	Sent Proposal	2025-10-12 12:32:42.278569+05	1	7
8	Follow-up	2025-10-12 12:32:42.278569+05	2	8
9	Called	2025-10-12 12:32:42.278569+05	3	9
10	Emailed	2025-10-12 12:32:42.278569+05	1	10
11	Sent Proposal	2025-10-12 12:32:42.278569+05	2	11
12	Follow-up	2025-10-12 12:32:42.278569+05	3	12
13	Called	2025-10-12 12:32:42.278569+05	1	13
14	Emailed	2025-10-12 12:32:42.278569+05	2	14
15	Sent Proposal	2025-10-12 12:32:42.278569+05	3	15
16	Follow-up	2025-10-12 12:32:42.278569+05	1	16
17	Called	2025-10-12 12:32:42.278569+05	2	17
18	Emailed	2025-10-12 12:32:42.278569+05	3	18
19	Sent Proposal	2025-10-12 12:32:42.278569+05	1	19
20	Follow-up	2025-10-12 12:32:42.278569+05	2	20
21	Called	2025-10-12 12:32:42.278569+05	3	1
22	Emailed	2025-10-12 12:32:42.278569+05	1	2
23	Sent Proposal	2025-10-12 12:32:42.278569+05	2	3
24	Follow-up	2025-10-12 12:32:42.278569+05	3	4
25	Called	2025-10-12 12:32:42.278569+05	1	5
26	Emailed	2025-10-12 12:32:42.278569+05	2	6
27	Sent Proposal	2025-10-12 12:32:42.278569+05	3	7
28	Follow-up	2025-10-12 12:32:42.278569+05	1	8
29	Called	2025-10-12 12:32:42.278569+05	2	9
30	Emailed	2025-10-12 12:32:42.278569+05	3	10
\.


--
-- TOC entry 3845 (class 0 OID 29364)
-- Dependencies: 224
-- Data for Name: auth_group; Type: TABLE DATA; Schema: public; Owner: postgres
--

COPY public.auth_group (id, name) FROM stdin;
\.


--
-- TOC entry 3847 (class 0 OID 29372)
-- Dependencies: 226
-- Data for Name: auth_group_permissions; Type: TABLE DATA; Schema: public; Owner: postgres
--

COPY public.auth_group_permissions (id, group_id, permission_id) FROM stdin;
\.


--
-- TOC entry 3843 (class 0 OID 29358)
-- Dependencies: 222
-- Data for Name: auth_permission; Type: TABLE DATA; Schema: public; Owner: postgres
--

COPY public.auth_permission (id, name, content_type_id, codename) FROM stdin;
1	Can add log entry	1	add_logentry
2	Can change log entry	1	change_logentry
3	Can delete log entry	1	delete_logentry
4	Can view log entry	1	view_logentry
5	Can add permission	2	add_permission
6	Can change permission	2	change_permission
7	Can delete permission	2	delete_permission
8	Can view permission	2	view_permission
9	Can add group	3	add_group
10	Can change group	3	change_group
11	Can delete group	3	delete_group
12	Can view group	3	view_group
13	Can add user	4	add_user
14	Can change user	4	change_user
15	Can delete user	4	delete_user
16	Can view user	4	view_user
17	Can add content type	5	add_contenttype
18	Can change content type	5	change_contenttype
19	Can delete content type	5	delete_contenttype
20	Can view content type	5	view_contenttype
21	Can add session	6	add_session
22	Can change session	6	change_session
23	Can delete session	6	delete_session
24	Can view session	6	view_session
25	Can add clients	7	add_clients
26	Can change clients	7	change_clients
27	Can delete clients	7	delete_clients
28	Can view clients	7	view_clients
29	Can add clients stages	8	add_clientsstages
30	Can change clients stages	8	change_clientsstages
31	Can delete clients stages	8	delete_clientsstages
32	Can view clients stages	8	view_clientsstages
33	Can add teams	9	add_teams
34	Can change teams	9	change_teams
35	Can delete teams	9	delete_teams
36	Can view teams	9	view_teams
37	Can add activity logs	10	add_activitylogs
38	Can change activity logs	10	change_activitylogs
39	Can delete activity logs	10	delete_activitylogs
40	Can view activity logs	10	view_activitylogs
41	Can add activity log	10	add_activitylog
42	Can change activity log	10	change_activitylog
43	Can delete activity log	10	delete_activitylog
44	Can view activity log	10	view_activitylog
45	Can add client	7	add_client
46	Can change client	7	change_client
47	Can delete client	7	delete_client
48	Can view client	7	view_client
49	Can add client stage	8	add_clientstage
50	Can change client stage	8	change_clientstage
51	Can delete client stage	8	delete_clientstage
52	Can view client stage	8	view_clientstage
53	Can add team	9	add_team
54	Can change team	9	change_team
55	Can delete team	9	delete_team
56	Can view team	9	view_team
\.


--
-- TOC entry 3849 (class 0 OID 29378)
-- Dependencies: 228
-- Data for Name: auth_user; Type: TABLE DATA; Schema: public; Owner: postgres
--

COPY public.auth_user (id, password, last_login, is_superuser, username, first_name, last_name, email, is_staff, is_active, date_joined) FROM stdin;
1	pbkdf2_sha256$1000000$7vhcFasc9L9IfogFhMUkIR$IXYNWBZiOfkSMBcDAmRtG1rqTW1aVVuN35tkBcQVJkY=	2025-10-12 12:15:50.64893+05	t	admin			admin@gmail.com	t	t	2025-10-12 12:15:28.301983+05
2		2025-10-12 12:21:48.631052+05	f	user1			user1@example.com	t	t	2025-10-12 12:21:48.631052+05
3		2025-10-12 12:21:48.631052+05	f	user2			user2@example.com	t	t	2025-10-12 12:21:48.631052+05
4		2025-10-12 12:21:48.631052+05	f	user3			user3@example.com	t	t	2025-10-12 12:21:48.631052+05
\.


--
-- TOC entry 3851 (class 0 OID 29386)
-- Dependencies: 230
-- Data for Name: auth_user_groups; Type: TABLE DATA; Schema: public; Owner: postgres
--

COPY public.auth_user_groups (id, user_id, group_id) FROM stdin;
\.


--
-- TOC entry 3853 (class 0 OID 29392)
-- Dependencies: 232
-- Data for Name: auth_user_user_permissions; Type: TABLE DATA; Schema: public; Owner: postgres
--

COPY public.auth_user_user_permissions (id, user_id, permission_id) FROM stdin;
\.


--
-- TOC entry 3857 (class 0 OID 29479)
-- Dependencies: 236
-- Data for Name: client; Type: TABLE DATA; Schema: public; Owner: postgres
--

COPY public.client (id, fullname, email, phone_number, stage_id, team_id) FROM stdin;
1	Client 1	client1@example.com	+77000000001	1	1
2	Client 2	client2@example.com	+77000000002	2	1
3	Client 3	client3@example.com	+77000000003	3	2
4	Client 4	client4@example.com	+77000000004	4	2
5	Client 5	client5@example.com	+77000000005	5	3
6	Client 6	client6@example.com	+77000000006	1	3
7	Client 7	client7@example.com	+77000000007	2	4
8	Client 8	client8@example.com	+77000000008	3	4
9	Client 9	client9@example.com	+77000000009	4	5
10	Client 10	client10@example.com	+77000000010	5	5
11	Client 11	client11@example.com	+77000000011	1	1
12	Client 12	client12@example.com	+77000000012	2	1
13	Client 13	client13@example.com	+77000000013	3	2
14	Client 14	client14@example.com	+77000000014	4	2
15	Client 15	client15@example.com	+77000000015	5	3
16	Client 16	client16@example.com	+77000000016	1	3
17	Client 17	client17@example.com	+77000000017	2	4
18	Client 18	client18@example.com	+77000000018	3	4
19	Client 19	client19@example.com	+77000000019	4	5
20	Client 20	client20@example.com	+77000000020	5	5
\.


--
-- TOC entry 3859 (class 0 OID 29489)
-- Dependencies: 238
-- Data for Name: client_stage; Type: TABLE DATA; Schema: public; Owner: postgres
--

COPY public.client_stage (id, status) FROM stdin;
1	1
2	2
3	3
4	4
5	5
\.


--
-- TOC entry 3855 (class 0 OID 29450)
-- Dependencies: 234
-- Data for Name: django_admin_log; Type: TABLE DATA; Schema: public; Owner: postgres
--

COPY public.django_admin_log (id, action_time, object_id, object_repr, action_flag, change_message, content_type_id, user_id) FROM stdin;
\.


--
-- TOC entry 3841 (class 0 OID 29350)
-- Dependencies: 220
-- Data for Name: django_content_type; Type: TABLE DATA; Schema: public; Owner: postgres
--

COPY public.django_content_type (id, app_label, model) FROM stdin;
1	admin	logentry
2	auth	permission
3	auth	group
4	auth	user
5	contenttypes	contenttype
6	sessions	session
10	clients	activitylog
7	clients	client
8	clients	clientstage
9	clients	team
\.


--
-- TOC entry 3839 (class 0 OID 29342)
-- Dependencies: 218
-- Data for Name: django_migrations; Type: TABLE DATA; Schema: public; Owner: postgres
--

COPY public.django_migrations (id, app, name, applied) FROM stdin;
1	contenttypes	0001_initial	2025-10-12 12:14:58.179442+05
2	auth	0001_initial	2025-10-12 12:14:58.221889+05
3	admin	0001_initial	2025-10-12 12:14:58.232404+05
4	admin	0002_logentry_remove_auto_add	2025-10-12 12:14:58.234725+05
5	admin	0003_logentry_add_action_flag_choices	2025-10-12 12:14:58.237232+05
6	contenttypes	0002_remove_content_type_name	2025-10-12 12:14:58.24178+05
7	auth	0002_alter_permission_name_max_length	2025-10-12 12:14:58.244148+05
8	auth	0003_alter_user_email_max_length	2025-10-12 12:14:58.246395+05
9	auth	0004_alter_user_username_opts	2025-10-12 12:14:58.248749+05
10	auth	0005_alter_user_last_login_null	2025-10-12 12:14:58.25079+05
11	auth	0006_require_contenttypes_0002	2025-10-12 12:14:58.251086+05
12	auth	0007_alter_validators_add_error_messages	2025-10-12 12:14:58.253039+05
13	auth	0008_alter_user_username_max_length	2025-10-12 12:14:58.257572+05
14	auth	0009_alter_user_last_name_max_length	2025-10-12 12:14:58.260231+05
15	auth	0010_alter_group_name_max_length	2025-10-12 12:14:58.263313+05
16	auth	0011_update_proxy_permissions	2025-10-12 12:14:58.26523+05
17	auth	0012_alter_user_first_name_max_length	2025-10-12 12:14:58.267196+05
18	clients	0001_initial	2025-10-12 12:14:58.310849+05
19	sessions	0001_initial	2025-10-12 12:14:58.317803+05
20	clients	0002_rename_activitylogs_activitylog_and_more	2025-10-12 12:18:10.565328+05
21	clients	0003_alter_activitylog_options_alter_client_options_and_more	2025-10-12 12:36:51.006763+05
\.


--
-- TOC entry 3864 (class 0 OID 29540)
-- Dependencies: 243
-- Data for Name: django_session; Type: TABLE DATA; Schema: public; Owner: postgres
--

COPY public.django_session (session_key, session_data, expire_date) FROM stdin;
1nol10n3cpnxpyt96mjl5v89o2zzfm03	.eJxVjMEOwiAQRP-FsyFsWQQ9evcbCLusUjU0Ke3J-O_SpAdN5jTvzbxVTOtS4tpkjmNWZwXq8NtR4qfUDeRHqvdJ81SXeSS9KXqnTV-nLK_L7v4dlNRKX-OAYgdERhsgszXASCkQSw-DcZJRHHpztN4RyonQGeddunUZAqjPF90YN7g:1v7qJ4:07WvilnfDeLF2vZjcs3c4Y3rntiG9loaasShDjLkTAE	2025-10-26 12:15:50.650118+05
\.


--
-- TOC entry 3861 (class 0 OID 29497)
-- Dependencies: 240
-- Data for Name: teams; Type: TABLE DATA; Schema: public; Owner: postgres
--

COPY public.teams (id, name, description, inserted_at, updated_at) FROM stdin;
1	Team Alpha	First team	2025-10-12 12:31:12.05692+05	2025-10-12 12:31:12.05692+05
2	Team Beta	Second team	2025-10-12 12:31:12.05692+05	2025-10-12 12:31:12.05692+05
3	Team Gamma	Third team	2025-10-12 12:31:12.05692+05	2025-10-12 12:31:12.05692+05
4	Team Delta	Fourth team	2025-10-12 12:31:12.05692+05	2025-10-12 12:31:12.05692+05
5	Team Epsilon	Fifth team	2025-10-12 12:31:12.05692+05	2025-10-12 12:31:12.05692+05
\.


--
-- TOC entry 3871 (class 0 OID 0)
-- Dependencies: 223
-- Name: auth_group_id_seq; Type: SEQUENCE SET; Schema: public; Owner: postgres
--

SELECT pg_catalog.setval('public.auth_group_id_seq', 1, false);


--
-- TOC entry 3872 (class 0 OID 0)
-- Dependencies: 225
-- Name: auth_group_permissions_id_seq; Type: SEQUENCE SET; Schema: public; Owner: postgres
--

SELECT pg_catalog.setval('public.auth_group_permissions_id_seq', 1, false);


--
-- TOC entry 3873 (class 0 OID 0)
-- Dependencies: 221
-- Name: auth_permission_id_seq; Type: SEQUENCE SET; Schema: public; Owner: postgres
--

SELECT pg_catalog.setval('public.auth_permission_id_seq', 56, true);


--
-- TOC entry 3874 (class 0 OID 0)
-- Dependencies: 229
-- Name: auth_user_groups_id_seq; Type: SEQUENCE SET; Schema: public; Owner: postgres
--

SELECT pg_catalog.setval('public.auth_user_groups_id_seq', 1, false);


--
-- TOC entry 3875 (class 0 OID 0)
-- Dependencies: 227
-- Name: auth_user_id_seq; Type: SEQUENCE SET; Schema: public; Owner: postgres
--

SELECT pg_catalog.setval('public.auth_user_id_seq', 4, true);


--
-- TOC entry 3876 (class 0 OID 0)
-- Dependencies: 231
-- Name: auth_user_user_permissions_id_seq; Type: SEQUENCE SET; Schema: public; Owner: postgres
--

SELECT pg_catalog.setval('public.auth_user_user_permissions_id_seq', 1, false);


--
-- TOC entry 3877 (class 0 OID 0)
-- Dependencies: 241
-- Name: clients_activitylogs_id_seq; Type: SEQUENCE SET; Schema: public; Owner: postgres
--

SELECT pg_catalog.setval('public.clients_activitylogs_id_seq', 1, false);


--
-- TOC entry 3878 (class 0 OID 0)
-- Dependencies: 235
-- Name: clients_clients_id_seq; Type: SEQUENCE SET; Schema: public; Owner: postgres
--

SELECT pg_catalog.setval('public.clients_clients_id_seq', 1, false);


--
-- TOC entry 3879 (class 0 OID 0)
-- Dependencies: 237
-- Name: clients_clientsstages_id_seq; Type: SEQUENCE SET; Schema: public; Owner: postgres
--

SELECT pg_catalog.setval('public.clients_clientsstages_id_seq', 6, true);


--
-- TOC entry 3880 (class 0 OID 0)
-- Dependencies: 239
-- Name: clients_teams_id_seq; Type: SEQUENCE SET; Schema: public; Owner: postgres
--

SELECT pg_catalog.setval('public.clients_teams_id_seq', 1, false);


--
-- TOC entry 3881 (class 0 OID 0)
-- Dependencies: 233
-- Name: django_admin_log_id_seq; Type: SEQUENCE SET; Schema: public; Owner: postgres
--

SELECT pg_catalog.setval('public.django_admin_log_id_seq', 1, false);


--
-- TOC entry 3882 (class 0 OID 0)
-- Dependencies: 219
-- Name: django_content_type_id_seq; Type: SEQUENCE SET; Schema: public; Owner: postgres
--

SELECT pg_catalog.setval('public.django_content_type_id_seq', 10, true);


--
-- TOC entry 3883 (class 0 OID 0)
-- Dependencies: 217
-- Name: django_migrations_id_seq; Type: SEQUENCE SET; Schema: public; Owner: postgres
--

SELECT pg_catalog.setval('public.django_migrations_id_seq', 21, true);


--
-- TOC entry 3626 (class 2606 OID 29476)
-- Name: auth_group auth_group_name_key; Type: CONSTRAINT; Schema: public; Owner: postgres
--

ALTER TABLE ONLY public.auth_group
    ADD CONSTRAINT auth_group_name_key UNIQUE (name);


--
-- TOC entry 3631 (class 2606 OID 29407)
-- Name: auth_group_permissions auth_group_permissions_group_id_permission_id_0cd325b0_uniq; Type: CONSTRAINT; Schema: public; Owner: postgres
--

ALTER TABLE ONLY public.auth_group_permissions
    ADD CONSTRAINT auth_group_permissions_group_id_permission_id_0cd325b0_uniq UNIQUE (group_id, permission_id);


--
-- TOC entry 3634 (class 2606 OID 29376)
-- Name: auth_group_permissions auth_group_permissions_pkey; Type: CONSTRAINT; Schema: public; Owner: postgres
--

ALTER TABLE ONLY public.auth_group_permissions
    ADD CONSTRAINT auth_group_permissions_pkey PRIMARY KEY (id);


--
-- TOC entry 3628 (class 2606 OID 29368)
-- Name: auth_group auth_group_pkey; Type: CONSTRAINT; Schema: public; Owner: postgres
--

ALTER TABLE ONLY public.auth_group
    ADD CONSTRAINT auth_group_pkey PRIMARY KEY (id);


--
-- TOC entry 3621 (class 2606 OID 29398)
-- Name: auth_permission auth_permission_content_type_id_codename_01ab375a_uniq; Type: CONSTRAINT; Schema: public; Owner: postgres
--

ALTER TABLE ONLY public.auth_permission
    ADD CONSTRAINT auth_permission_content_type_id_codename_01ab375a_uniq UNIQUE (content_type_id, codename);


--
-- TOC entry 3623 (class 2606 OID 29362)
-- Name: auth_permission auth_permission_pkey; Type: CONSTRAINT; Schema: public; Owner: postgres
--

ALTER TABLE ONLY public.auth_permission
    ADD CONSTRAINT auth_permission_pkey PRIMARY KEY (id);


--
-- TOC entry 3642 (class 2606 OID 29390)
-- Name: auth_user_groups auth_user_groups_pkey; Type: CONSTRAINT; Schema: public; Owner: postgres
--

ALTER TABLE ONLY public.auth_user_groups
    ADD CONSTRAINT auth_user_groups_pkey PRIMARY KEY (id);


--
-- TOC entry 3645 (class 2606 OID 29422)
-- Name: auth_user_groups auth_user_groups_user_id_group_id_94350c0c_uniq; Type: CONSTRAINT; Schema: public; Owner: postgres
--

ALTER TABLE ONLY public.auth_user_groups
    ADD CONSTRAINT auth_user_groups_user_id_group_id_94350c0c_uniq UNIQUE (user_id, group_id);


--
-- TOC entry 3636 (class 2606 OID 29382)
-- Name: auth_user auth_user_pkey; Type: CONSTRAINT; Schema: public; Owner: postgres
--

ALTER TABLE ONLY public.auth_user
    ADD CONSTRAINT auth_user_pkey PRIMARY KEY (id);


--
-- TOC entry 3648 (class 2606 OID 29396)
-- Name: auth_user_user_permissions auth_user_user_permissions_pkey; Type: CONSTRAINT; Schema: public; Owner: postgres
--

ALTER TABLE ONLY public.auth_user_user_permissions
    ADD CONSTRAINT auth_user_user_permissions_pkey PRIMARY KEY (id);


--
-- TOC entry 3651 (class 2606 OID 29436)
-- Name: auth_user_user_permissions auth_user_user_permissions_user_id_permission_id_14a6b632_uniq; Type: CONSTRAINT; Schema: public; Owner: postgres
--

ALTER TABLE ONLY public.auth_user_user_permissions
    ADD CONSTRAINT auth_user_user_permissions_user_id_permission_id_14a6b632_uniq UNIQUE (user_id, permission_id);


--
-- TOC entry 3639 (class 2606 OID 29471)
-- Name: auth_user auth_user_username_key; Type: CONSTRAINT; Schema: public; Owner: postgres
--

ALTER TABLE ONLY public.auth_user
    ADD CONSTRAINT auth_user_username_key UNIQUE (username);


--
-- TOC entry 3674 (class 2606 OID 29513)
-- Name: activity_log clients_activitylogs_pkey; Type: CONSTRAINT; Schema: public; Owner: postgres
--

ALTER TABLE ONLY public.activity_log
    ADD CONSTRAINT clients_activitylogs_pkey PRIMARY KEY (id);


--
-- TOC entry 3658 (class 2606 OID 29487)
-- Name: client clients_clients_email_key; Type: CONSTRAINT; Schema: public; Owner: postgres
--

ALTER TABLE ONLY public.client
    ADD CONSTRAINT clients_clients_email_key UNIQUE (email);


--
-- TOC entry 3660 (class 2606 OID 29485)
-- Name: client clients_clients_pkey; Type: CONSTRAINT; Schema: public; Owner: postgres
--

ALTER TABLE ONLY public.client
    ADD CONSTRAINT clients_clients_pkey PRIMARY KEY (id);


--
-- TOC entry 3664 (class 2606 OID 29493)
-- Name: client_stage clients_clientsstages_pkey; Type: CONSTRAINT; Schema: public; Owner: postgres
--

ALTER TABLE ONLY public.client_stage
    ADD CONSTRAINT clients_clientsstages_pkey PRIMARY KEY (id);


--
-- TOC entry 3666 (class 2606 OID 29495)
-- Name: client_stage clients_clientsstages_status_key; Type: CONSTRAINT; Schema: public; Owner: postgres
--

ALTER TABLE ONLY public.client_stage
    ADD CONSTRAINT clients_clientsstages_status_key UNIQUE (status);


--
-- TOC entry 3669 (class 2606 OID 29505)
-- Name: teams clients_teams_name_key; Type: CONSTRAINT; Schema: public; Owner: postgres
--

ALTER TABLE ONLY public.teams
    ADD CONSTRAINT clients_teams_name_key UNIQUE (name);


--
-- TOC entry 3671 (class 2606 OID 29503)
-- Name: teams clients_teams_pkey; Type: CONSTRAINT; Schema: public; Owner: postgres
--

ALTER TABLE ONLY public.teams
    ADD CONSTRAINT clients_teams_pkey PRIMARY KEY (id);


--
-- TOC entry 3654 (class 2606 OID 29457)
-- Name: django_admin_log django_admin_log_pkey; Type: CONSTRAINT; Schema: public; Owner: postgres
--

ALTER TABLE ONLY public.django_admin_log
    ADD CONSTRAINT django_admin_log_pkey PRIMARY KEY (id);


--
-- TOC entry 3616 (class 2606 OID 29356)
-- Name: django_content_type django_content_type_app_label_model_76bd3d3b_uniq; Type: CONSTRAINT; Schema: public; Owner: postgres
--

ALTER TABLE ONLY public.django_content_type
    ADD CONSTRAINT django_content_type_app_label_model_76bd3d3b_uniq UNIQUE (app_label, model);


--
-- TOC entry 3618 (class 2606 OID 29354)
-- Name: django_content_type django_content_type_pkey; Type: CONSTRAINT; Schema: public; Owner: postgres
--

ALTER TABLE ONLY public.django_content_type
    ADD CONSTRAINT django_content_type_pkey PRIMARY KEY (id);


--
-- TOC entry 3614 (class 2606 OID 29348)
-- Name: django_migrations django_migrations_pkey; Type: CONSTRAINT; Schema: public; Owner: postgres
--

ALTER TABLE ONLY public.django_migrations
    ADD CONSTRAINT django_migrations_pkey PRIMARY KEY (id);


--
-- TOC entry 3678 (class 2606 OID 29546)
-- Name: django_session django_session_pkey; Type: CONSTRAINT; Schema: public; Owner: postgres
--

ALTER TABLE ONLY public.django_session
    ADD CONSTRAINT django_session_pkey PRIMARY KEY (session_key);


--
-- TOC entry 3624 (class 1259 OID 29477)
-- Name: auth_group_name_a6ea08ec_like; Type: INDEX; Schema: public; Owner: postgres
--

CREATE INDEX auth_group_name_a6ea08ec_like ON public.auth_group USING btree (name varchar_pattern_ops);


--
-- TOC entry 3629 (class 1259 OID 29418)
-- Name: auth_group_permissions_group_id_b120cbf9; Type: INDEX; Schema: public; Owner: postgres
--

CREATE INDEX auth_group_permissions_group_id_b120cbf9 ON public.auth_group_permissions USING btree (group_id);


--
-- TOC entry 3632 (class 1259 OID 29419)
-- Name: auth_group_permissions_permission_id_84c5c92e; Type: INDEX; Schema: public; Owner: postgres
--

CREATE INDEX auth_group_permissions_permission_id_84c5c92e ON public.auth_group_permissions USING btree (permission_id);


--
-- TOC entry 3619 (class 1259 OID 29404)
-- Name: auth_permission_content_type_id_2f476e4b; Type: INDEX; Schema: public; Owner: postgres
--

CREATE INDEX auth_permission_content_type_id_2f476e4b ON public.auth_permission USING btree (content_type_id);


--
-- TOC entry 3640 (class 1259 OID 29434)
-- Name: auth_user_groups_group_id_97559544; Type: INDEX; Schema: public; Owner: postgres
--

CREATE INDEX auth_user_groups_group_id_97559544 ON public.auth_user_groups USING btree (group_id);


--
-- TOC entry 3643 (class 1259 OID 29433)
-- Name: auth_user_groups_user_id_6a12ed8b; Type: INDEX; Schema: public; Owner: postgres
--

CREATE INDEX auth_user_groups_user_id_6a12ed8b ON public.auth_user_groups USING btree (user_id);


--
-- TOC entry 3646 (class 1259 OID 29448)
-- Name: auth_user_user_permissions_permission_id_1fbb5f2c; Type: INDEX; Schema: public; Owner: postgres
--

CREATE INDEX auth_user_user_permissions_permission_id_1fbb5f2c ON public.auth_user_user_permissions USING btree (permission_id);


--
-- TOC entry 3649 (class 1259 OID 29447)
-- Name: auth_user_user_permissions_user_id_a95ead1b; Type: INDEX; Schema: public; Owner: postgres
--

CREATE INDEX auth_user_user_permissions_user_id_a95ead1b ON public.auth_user_user_permissions USING btree (user_id);


--
-- TOC entry 3637 (class 1259 OID 29472)
-- Name: auth_user_username_6821ab7c_like; Type: INDEX; Schema: public; Owner: postgres
--

CREATE INDEX auth_user_username_6821ab7c_like ON public.auth_user USING btree (username varchar_pattern_ops);


--
-- TOC entry 3672 (class 1259 OID 29537)
-- Name: clients_activitylogs_client_id_e0f8e864; Type: INDEX; Schema: public; Owner: postgres
--

CREATE INDEX clients_activitylogs_client_id_e0f8e864 ON public.activity_log USING btree (client_id);


--
-- TOC entry 3675 (class 1259 OID 29536)
-- Name: clients_activitylogs_user_id_41d94723; Type: INDEX; Schema: public; Owner: postgres
--

CREATE INDEX clients_activitylogs_user_id_41d94723 ON public.activity_log USING btree (user_id);


--
-- TOC entry 3656 (class 1259 OID 29524)
-- Name: clients_clients_email_dcc1d15b_like; Type: INDEX; Schema: public; Owner: postgres
--

CREATE INDEX clients_clients_email_dcc1d15b_like ON public.client USING btree (email varchar_pattern_ops);


--
-- TOC entry 3661 (class 1259 OID 29538)
-- Name: clients_clients_stage_id_b86e759f; Type: INDEX; Schema: public; Owner: postgres
--

CREATE INDEX clients_clients_stage_id_b86e759f ON public.client USING btree (stage_id);


--
-- TOC entry 3662 (class 1259 OID 29539)
-- Name: clients_clients_team_id_13136693; Type: INDEX; Schema: public; Owner: postgres
--

CREATE INDEX clients_clients_team_id_13136693 ON public.client USING btree (team_id);


--
-- TOC entry 3667 (class 1259 OID 29525)
-- Name: clients_teams_name_6bf3623a_like; Type: INDEX; Schema: public; Owner: postgres
--

CREATE INDEX clients_teams_name_6bf3623a_like ON public.teams USING btree (name varchar_pattern_ops);


--
-- TOC entry 3652 (class 1259 OID 29468)
-- Name: django_admin_log_content_type_id_c4bce8eb; Type: INDEX; Schema: public; Owner: postgres
--

CREATE INDEX django_admin_log_content_type_id_c4bce8eb ON public.django_admin_log USING btree (content_type_id);


--
-- TOC entry 3655 (class 1259 OID 29469)
-- Name: django_admin_log_user_id_c564eba6; Type: INDEX; Schema: public; Owner: postgres
--

CREATE INDEX django_admin_log_user_id_c564eba6 ON public.django_admin_log USING btree (user_id);


--
-- TOC entry 3676 (class 1259 OID 29548)
-- Name: django_session_expire_date_a5c62663; Type: INDEX; Schema: public; Owner: postgres
--

CREATE INDEX django_session_expire_date_a5c62663 ON public.django_session USING btree (expire_date);


--
-- TOC entry 3679 (class 1259 OID 29547)
-- Name: django_session_session_key_c0390e0f_like; Type: INDEX; Schema: public; Owner: postgres
--

CREATE INDEX django_session_session_key_c0390e0f_like ON public.django_session USING btree (session_key varchar_pattern_ops);


--
-- TOC entry 3681 (class 2606 OID 29413)
-- Name: auth_group_permissions auth_group_permissio_permission_id_84c5c92e_fk_auth_perm; Type: FK CONSTRAINT; Schema: public; Owner: postgres
--

ALTER TABLE ONLY public.auth_group_permissions
    ADD CONSTRAINT auth_group_permissio_permission_id_84c5c92e_fk_auth_perm FOREIGN KEY (permission_id) REFERENCES public.auth_permission(id) DEFERRABLE INITIALLY DEFERRED;


--
-- TOC entry 3682 (class 2606 OID 29408)
-- Name: auth_group_permissions auth_group_permissions_group_id_b120cbf9_fk_auth_group_id; Type: FK CONSTRAINT; Schema: public; Owner: postgres
--

ALTER TABLE ONLY public.auth_group_permissions
    ADD CONSTRAINT auth_group_permissions_group_id_b120cbf9_fk_auth_group_id FOREIGN KEY (group_id) REFERENCES public.auth_group(id) DEFERRABLE INITIALLY DEFERRED;


--
-- TOC entry 3680 (class 2606 OID 29399)
-- Name: auth_permission auth_permission_content_type_id_2f476e4b_fk_django_co; Type: FK CONSTRAINT; Schema: public; Owner: postgres
--

ALTER TABLE ONLY public.auth_permission
    ADD CONSTRAINT auth_permission_content_type_id_2f476e4b_fk_django_co FOREIGN KEY (content_type_id) REFERENCES public.django_content_type(id) DEFERRABLE INITIALLY DEFERRED;


--
-- TOC entry 3683 (class 2606 OID 29428)
-- Name: auth_user_groups auth_user_groups_group_id_97559544_fk_auth_group_id; Type: FK CONSTRAINT; Schema: public; Owner: postgres
--

ALTER TABLE ONLY public.auth_user_groups
    ADD CONSTRAINT auth_user_groups_group_id_97559544_fk_auth_group_id FOREIGN KEY (group_id) REFERENCES public.auth_group(id) DEFERRABLE INITIALLY DEFERRED;


--
-- TOC entry 3684 (class 2606 OID 29423)
-- Name: auth_user_groups auth_user_groups_user_id_6a12ed8b_fk_auth_user_id; Type: FK CONSTRAINT; Schema: public; Owner: postgres
--

ALTER TABLE ONLY public.auth_user_groups
    ADD CONSTRAINT auth_user_groups_user_id_6a12ed8b_fk_auth_user_id FOREIGN KEY (user_id) REFERENCES public.auth_user(id) DEFERRABLE INITIALLY DEFERRED;


--
-- TOC entry 3685 (class 2606 OID 29442)
-- Name: auth_user_user_permissions auth_user_user_permi_permission_id_1fbb5f2c_fk_auth_perm; Type: FK CONSTRAINT; Schema: public; Owner: postgres
--

ALTER TABLE ONLY public.auth_user_user_permissions
    ADD CONSTRAINT auth_user_user_permi_permission_id_1fbb5f2c_fk_auth_perm FOREIGN KEY (permission_id) REFERENCES public.auth_permission(id) DEFERRABLE INITIALLY DEFERRED;


--
-- TOC entry 3686 (class 2606 OID 29437)
-- Name: auth_user_user_permissions auth_user_user_permissions_user_id_a95ead1b_fk_auth_user_id; Type: FK CONSTRAINT; Schema: public; Owner: postgres
--

ALTER TABLE ONLY public.auth_user_user_permissions
    ADD CONSTRAINT auth_user_user_permissions_user_id_a95ead1b_fk_auth_user_id FOREIGN KEY (user_id) REFERENCES public.auth_user(id) DEFERRABLE INITIALLY DEFERRED;


--
-- TOC entry 3691 (class 2606 OID 29550)
-- Name: activity_log clients_activitylog_client_id_6ab8f257_fk_clients_client_id; Type: FK CONSTRAINT; Schema: public; Owner: postgres
--

ALTER TABLE ONLY public.activity_log
    ADD CONSTRAINT clients_activitylog_client_id_6ab8f257_fk_clients_client_id FOREIGN KEY (client_id) REFERENCES public.client(id) DEFERRABLE INITIALLY DEFERRED;


--
-- TOC entry 3692 (class 2606 OID 29526)
-- Name: activity_log clients_activitylogs_user_id_41d94723_fk_auth_user_id; Type: FK CONSTRAINT; Schema: public; Owner: postgres
--

ALTER TABLE ONLY public.activity_log
    ADD CONSTRAINT clients_activitylogs_user_id_41d94723_fk_auth_user_id FOREIGN KEY (user_id) REFERENCES public.auth_user(id) DEFERRABLE INITIALLY DEFERRED;


--
-- TOC entry 3689 (class 2606 OID 29555)
-- Name: client clients_client_stage_id_d493314a_fk_clients_clientstage_id; Type: FK CONSTRAINT; Schema: public; Owner: postgres
--

ALTER TABLE ONLY public.client
    ADD CONSTRAINT clients_client_stage_id_d493314a_fk_clients_clientstage_id FOREIGN KEY (stage_id) REFERENCES public.client_stage(id) DEFERRABLE INITIALLY DEFERRED;


--
-- TOC entry 3690 (class 2606 OID 29560)
-- Name: client clients_client_team_id_0f45f962_fk_clients_team_id; Type: FK CONSTRAINT; Schema: public; Owner: postgres
--

ALTER TABLE ONLY public.client
    ADD CONSTRAINT clients_client_team_id_0f45f962_fk_clients_team_id FOREIGN KEY (team_id) REFERENCES public.teams(id) DEFERRABLE INITIALLY DEFERRED;


--
-- TOC entry 3687 (class 2606 OID 29458)
-- Name: django_admin_log django_admin_log_content_type_id_c4bce8eb_fk_django_co; Type: FK CONSTRAINT; Schema: public; Owner: postgres
--

ALTER TABLE ONLY public.django_admin_log
    ADD CONSTRAINT django_admin_log_content_type_id_c4bce8eb_fk_django_co FOREIGN KEY (content_type_id) REFERENCES public.django_content_type(id) DEFERRABLE INITIALLY DEFERRED;


--
-- TOC entry 3688 (class 2606 OID 29463)
-- Name: django_admin_log django_admin_log_user_id_c564eba6_fk_auth_user_id; Type: FK CONSTRAINT; Schema: public; Owner: postgres
--

ALTER TABLE ONLY public.django_admin_log
    ADD CONSTRAINT django_admin_log_user_id_c564eba6_fk_auth_user_id FOREIGN KEY (user_id) REFERENCES public.auth_user(id) DEFERRABLE INITIALLY DEFERRED;


-- Completed on 2025-10-12 22:42:57 +05

--
-- PostgreSQL database dump complete
--

